-90;690
-90;672
-90;706
-90;655
-90;687
-90;704
-90;671
-90;710
-90;671
-90;640
-90;672
-90;703
-90;695
-90;688
-90;722
-90;647
-90;704
-90;672
-90;687
-90;695
-90;720
-90;642
-90;672
-90;672
-90;736
-90;672
-90;684
-90;639
-90;656
-90;690
-90;690
-90;719
-90;688
-90;671
-90;655
-90;643
-90;667
-90;732
-90;671
-90;672
-90;658
-90;719
-90;704
-90;658
-90;672
-90;724
-90;671
-90;676
-90;688
-90;719
-90;704
-90;674
-90;642
-90;703
-90;672
-90;672
-90;672
-90;724
-90;735
-90;680
-90;704
-90;716
-90;744
-90;738
-90;751
-90;655
-90;712
-90;704
-90;678
-90;652
-90;732
-90;703
-90;672
-90;687
-90;671
-90;671
-90;672
-90;671
-90;646
-90;744
-90;704
-90;656
-90;704
-90;704
-90;647
-90;704
-90;735
-90;720
-90;672
-90;720
-90;748
-90;724
-90;743
-90;704
-90;735
-90;672
-90;752
-90;680
-90;671
-90;703
-90;680
-90;736
-90;679
-90;687
-90;724
-90;730
-90;719
-90;750
-90;728
-90;744
-90;719
-90;720
-90;750
-90;655
-90;735
-90;724
-90;671
-90;674
-90;750
-90;704
-90;719
-90;663
-90;735
-90;748
-90;703
-90;735
-90;695
-90;742
-90;687
-90;659
-90;750
-90;742
-90;724
-90;704
-90;679
-90;645
-90;703
-90;735
-90;751
-90;661
-90;680
-90;716
-90;676
-90;748
-90;708
-90;688
-90;748
-90;704
-90;690
-90;720
-90;735
-90;683
-90;703
-90;735
-90;687
-90;720
-90;744
-90;735
-90;663
-90;703
-90;675
-90;735
-90;724
-90;703
-90;672
-90;720
-90;695
-90;735
-90;720
-90;704
-90;748
-90;712
-90;728
-90;751
-90;679
-90;708
-90;726
-90;714
-90;703
-90;684
-90;735
-90;724
-90;672
-90;688
-90;672
-90;687
-90;688
-90;687
-90;767
-90;688
-90;663
-90;732
-90;688
-90;687
-90;672
-90;660
-90;724
-90;746
-90;663
-90;736
-90;740
-90;716
-90;703
-90;712
-90;743
-90;744
-90;735
-90;719
-90;704
-90;736
-90;704
-90;744
-90;719
-90;744
-90;704
-90;687
-90;724
-90;767
-90;735
-90;720
-90;678
-90;748
-90;719
-90;703
-90;655
-90;738
-90;687
-90;687
-90;720
-90;766
-90;672
-90;719
-90;708
-90;728
-90;751
-90;678
-90;704
-90;687
-90;688
-90;673
-90;728
-90;671
-90;728
-90;744
-90;719
-90;703
-90;672
-90;764
-90;732
-90;748
-90;716
-90;704
-90;768
-90;704
-90;766
-90;744
-90;752
-90;728
-90;728
-90;703
-90;706
-90;704
-90;733
-90;758
-90;735
-90;756
-90;704
-90;690
-90;736
-90;720
-90;704
-90;804
-90;735
-90;735
-90;687
-90;735
-90;704
-67.5;727
-67.5;707
-67.5;815
-67.5;816
-67.5;740
-67.5;723
-67.5;748
-67.5;767
-67.5;815
-67.5;768
-67.5;768
-67.5;735
-67.5;776
-67.5;751
-67.5;816
-67.5;799
-67.5;778
-67.5;784
-67.5;815
-67.5;834
-67.5;743
-67.5;767
-67.5;776
-67.5;828
-67.5;815
-67.5;780
-67.5;815
-67.5;739
-67.5;815
-67.5;815
-67.5;800
-67.5;788
-67.5;814
-67.5;770
-67.5;816
-67.5;830
-67.5;767
-67.5;767
-67.5;847
-67.5;832
-67.5;828
-67.5;826
-67.5;786
-67.5;783
-67.5;783
-67.5;776
-67.5;768
-67.5;822
-67.5;800
-67.5;816
-67.5;767
-67.5;827
-67.5;768
-67.5;858
-67.5;844
-67.5;820
-67.5;784
-67.5;775
-67.5;767
-67.5;828
-67.5;720
-67.5;768
-67.5;770
-67.5;783
-67.5;776
-67.5;759
-67.5;800
-67.5;755
-67.5;770
-67.5;800
-67.5;784
-67.5;763
-67.5;759
-67.5;751
-67.5;800
-67.5;815
-67.5;767
-67.5;783
-67.5;831
-67.5;771
-67.5;832
-67.5;800
-67.5;786
-67.5;769
-67.5;778
-67.5;771
-67.5;842
-67.5;763
-67.5;831
-67.5;804
-67.5;836
-67.5;768
-67.5;783
-67.5;784
-67.5;768
-67.5;816
-67.5;800
-67.5;799
-67.5;864
-67.5;831
-67.5;768
-67.5;792
-67.5;839
-67.5;837
-67.5;831
-67.5;816
-67.5;847
-67.5;815
-67.5;799
-67.5;780
-67.5;856
-67.5;799
-67.5;799
-67.5;847
-67.5;839
-67.5;768
-67.5;804
-67.5;783
-67.5;771
-67.5;759
-67.5;771
-67.5;832
-67.5;799
-67.5;775
-67.5;774
-67.5;806
-67.5;768
-67.5;831
-67.5;768
-67.5;800
-67.5;771
-67.5;759
-67.5;768
-67.5;752
-67.5;815
-67.5;769
-67.5;783
-67.5;846
-67.5;806
-67.5;802
-67.5;767
-67.5;784
-67.5;818
-67.5;832
-67.5;848
-67.5;799
-67.5;816
-67.5;846
-67.5;820
-67.5;786
-67.5;831
-67.5;768
-67.5;846
-67.5;834
-67.5;832
-67.5;816
-67.5;810
-67.5;818
-67.5;831
-67.5;832
-67.5;846
-67.5;743
-67.5;804
-67.5;772
-67.5;832
-67.5;808
-67.5;783
-67.5;824
-67.5;783
-67.5;755
-67.5;783
-67.5;751
-67.5;768
-67.5;800
-67.5;799
-67.5;836
-67.5;831
-67.5;816
-67.5;845
-67.5;864
-67.5;783
-67.5;768
-67.5;847
-67.5;832
-67.5;759
-67.5;768
-67.5;783
-67.5;800
-67.5;824
-67.5;832
-67.5;826
-67.5;800
-67.5;812
-67.5;808
-67.5;751
-67.5;860
-67.5;816
-67.5;828
-67.5;840
-67.5;826
-67.5;751
-67.5;780
-67.5;810
-67.5;752
-67.5;863
-67.5;799
-67.5;815
-67.5;840
-67.5;831
-67.5;831
-67.5;816
-67.5;799
-67.5;766
-67.5;776
-67.5;847
-67.5;759
-67.5;768
-67.5;752
-67.5;804
-67.5;856
-67.5;772
-67.5;847
-67.5;847
-67.5;772
-67.5;768
-67.5;800
-67.5;832
-67.5;830
-67.5;815
-67.5;799
-67.5;838
-67.5;815
-67.5;832
-67.5;767
-67.5;832
-67.5;847
-67.5;832
-67.5;812
-67.5;823
-67.5;810
-67.5;775
-67.5;783
-67.5;770
-67.5;816
-67.5;771
-67.5;799
-67.5;863
-67.5;784
-67.5;850
-67.5;774
-67.5;815
-67.5;807
-67.5;768
-67.5;836
-67.5;816
-67.5;846
-67.5;840
-67.5;799
-67.5;800
-67.5;874
-67.5;831
-67.5;844
-67.5;791
-67.5;768
-67.5;775
-67.5;795
-67.5;832
-67.5;838
-67.5;816
-67.5;852
-67.5;768
-67.5;706
-67.5;800
-67.5;768
-67.5;800
-67.5;831
-67.5;784
-67.5;800
-67.5;838
-67.5;846
-67.5;848
-67.5;832
-67.5;774
-67.5;763
-67.5;786
-67.5;844
-67.5;768
-67.5;786
-67.5;800
-67.5;830
-67.5;799
-67.5;845
-67.5;844
-67.5;846
-67.5;769
-67.5;802
-67.5;780
-67.5;770
-67.5;775
-67.5;791
-67.5;831
-67.5;847
-67.5;868
-67.5;772
-45;980
-45;939
-45;1008
-45;978
-45;912
-45;943
-45;991
-45;960
-45;982
-45;1055
-45;944
-45;960
-45;1003
-45;959
-45;960
-45;918
-45;959
-45;975
-45;915
-45;911
-45;918
-45;972
-45;915
-45;970
-45;927
-45;928
-45;988
-45;903
-45;960
-45;980
-45;960
-45;988
-45;979
-45;928
-45;935
-45;968
-45;975
-45;968
-45;972
-45;1003
-45;996
-45;928
-45;927
-45;964
-45;980
-45;980
-45;918
-45;985
-45;984
-45;982
-45;991
-45;990
-45;911
-45;1000
-45;910
-45;984
-45;976
-45;991
-45;944
-45;934
-45;943
-45;919
-45;927
-45;944
-45;923
-45;984
-45;944
-45;946
-45;938
-45;940
-45;959
-45;939
-45;976
-45;1000
-45;996
-45;992
-45;927
-45;943
-45;927
-45;927
-45;928
-45;1006
-45;960
-45;943
-45;984
-45;938
-45;996
-45;928
-45;975
-45;986
-45;936
-45;983
-45;934
-45;935
-45;930
-45;1020
-45;998
-45;962
-45;928
-45;935
-45;975
-45;960
-45;976
-45;980
-45;946
-45;927
-45;990
-45;994
-45;964
-45;960
-45;982
-45;960
-45;975
-45;967
-45;943
-45;960
-45;943
-45;970
-45;991
-45;1000
-45;992
-45;960
-45;960
-45;928
-45;944
-45;959
-45;991
-45;980
-45;991
-45;1016
-45;980
-45;1014
-45;938
-45;992
-45;1018
-45;975
-45;966
-45;936
-45;962
-45;1007
-45;996
-45;1010
-45;959
-45;940
-45;943
-45;938
-45;995
-45;940
-45;970
-45;951
-45;943
-45;992
-45;976
-45;935
-45;935
-45;1001
-45;975
-45;1000
-45;960
-45;928
-45;996
-45;1006
-45;1010
-45;951
-45;944
-45;999
-45;1008
-45;942
-45;935
-45;1007
-45;927
-45;934
-45;935
-45;976
-45;959
-45;936
-45;1012
-45;976
-45;944
-45;976
-45;960
-45;990
-45;1002
-45;959
-45;1008
-45;959
-45;1004
-45;928
-45;975
-45;955
-45;984
-45;927
-45;927
-45;992
-45;991
-45;931
-45;1010
-45;972
-45;1008
-45;922
-45;960
-45;986
-45;976
-45;1014
-45;960
-45;1023
-45;991
-45;919
-45;1020
-45;943
-45;980
-45;943
-45;928
-45;1023
-45;975
-45;975
-45;1007
-45;935
-45;974
-45;959
-45;915
-45;943
-45;960
-45;991
-45;1006
-45;999
-45;1007
-45;935
-45;928
-45;976
-45;991
-45;984
-45;984
-45;935
-45;944
-45;984
-45;926
-45;1006
-45;991
-45;972
-45;927
-45;959
-45;960
-45;935
-45;1020
-45;959
-45;944
-45;991
-45;976
-45;1014
-45;959
-45;975
-45;943
-45;935
-45;992
-45;960
-45;960
-45;959
-45;976
-45;915
-45;968
-45;1010
-45;935
-45;919
-45;1002
-45;991
-45;1012
-45;928
-45;1013
-45;1004
-45;1000
-45;1006
-45;975
-45;959
-45;943
-45;934
-45;975
-45;999
-45;992
-45;994
-45;960
-45;960
-45;959
-45;991
-45;944
-45;1006
-45;1004
-45;1012
-45;959
-45;943
-45;895
-45;934
-45;964
-45;938
-45;964
-45;1007
-45;943
-45;959
-45;991
-45;992
-45;960
-45;960
-45;1007
-45;1004
-45;960
-22.5;919
-22.5;975
-22.5;996
-22.5;991
-22.5;975
-22.5;959
-22.5;1020
-22.5;988
-22.5;962
-22.5;1007
-22.5;984
-22.5;967
-22.5;1004
-22.5;1007
-22.5;976
-22.5;994
-22.5;964
-22.5;1007
-22.5;972
-22.5;990
-22.5;1006
-22.5;1002
-22.5;938
-22.5;960
-22.5;1014
-22.5;975
-22.5;996
-22.5;988
-22.5;946
-22.5;1022
-22.5;1008
-22.5;984
-22.5;962
-22.5;1022
-22.5;992
-22.5;1007
-22.5;1000
-22.5;951
-22.5;978
-22.5;967
-22.5;1024
-22.5;1023
-22.5;1020
-22.5;1024
-22.5;960
-22.5;1000
-22.5;968
-22.5;1007
-22.5;983
-22.5;946
-22.5;1015
-22.5;1038
-22.5;1023
-22.5;992
-22.5;1040
-22.5;1012
-22.5;975
-22.5;992
-22.5;1024
-22.5;1023
-22.5;1007
-22.5;991
-22.5;1007
-22.5;1036
-22.5;995
-22.5;1000
-22.5;1048
-22.5;992
-22.5;1038
-22.5;982
-22.5;1018
-22.5;1024
-22.5;994
-22.5;996
-22.5;992
-22.5;1044
-22.5;971
-22.5;1039
-22.5;960
-22.5;1024
-22.5;1034
-22.5;978
-22.5;992
-22.5;1038
-22.5;960
-22.5;1064
-22.5;1023
-22.5;992
-22.5;1034
-22.5;991
-22.5;963
-22.5;991
-22.5;982
-22.5;1048
-22.5;1007
-22.5;1024
-22.5;1000
-22.5;994
-22.5;994
-22.5;978
-22.5;1048
-22.5;996
-22.5;1044
-22.5;967
-22.5;995
-22.5;1008
-22.5;976
-22.5;1008
-22.5;983
-22.5;1028
-22.5;994
-22.5;991
-22.5;1040
-22.5;975
-22.5;1023
-22.5;992
-22.5;1023
-22.5;1021
-22.5;992
-22.5;1023
-22.5;1040
-22.5;1040
-22.5;991
-22.5;991
-22.5;1024
-22.5;983
-22.5;1024
-22.5;1044
-22.5;1046
-22.5;1023
-22.5;1023
-22.5;1028
-22.5;1032
-22.5;976
-22.5;1000
-22.5;966
-22.5;1054
-22.5;994
-22.5;1024
-22.5;1102
-22.5;996
-22.5;984
-22.5;991
-22.5;979
-22.5;1048
-22.5;1038
-22.5;1039
-22.5;1040
-22.5;1055
-22.5;1052
-22.5;1054
-22.5;1007
-22.5;1044
-22.5;999
-22.5;1046
-22.5;977
-22.5;1046
-22.5;1023
-22.5;1068
-22.5;1056
-22.5;1039
-22.5;992
-22.5;1000
-22.5;1032
-22.5;1040
-22.5;979
-22.5;991
-22.5;991
-22.5;1017
-22.5;994
-22.5;1024
-22.5;1000
-22.5;1039
-22.5;983
-22.5;999
-22.5;984
-22.5;974
-22.5;999
-22.5;1023
-22.5;991
-22.5;1007
-22.5;998
-22.5;1052
-22.5;991
-22.5;1007
-22.5;1044
-22.5;1076
-22.5;991
-22.5;982
-22.5;998
-22.5;1024
-22.5;1032
-22.5;1015
-22.5;1039
-22.5;960
-22.5;992
-22.5;1023
-22.5;1024
-22.5;975
-22.5;1024
-22.5;976
-22.5;1023
-22.5;963
-22.5;1007
-22.5;968
-22.5;1024
-22.5;975
-22.5;992
-22.5;962
-22.5;1007
-22.5;1023
-22.5;1024
-22.5;960
-22.5;960
-22.5;967
-22.5;1007
-22.5;975
-22.5;991
-22.5;975
-22.5;971
-22.5;1043
-22.5;1036
-22.5;1029
-22.5;1022
-22.5;1023
-22.5;1044
-22.5;1004
-22.5;975
-22.5;960
-22.5;971
-22.5;1016
-22.5;991
-22.5;1007
-22.5;1048
-22.5;1056
-22.5;1040
-22.5;996
-22.5;1024
-22.5;1002
-22.5;983
-22.5;996
-22.5;1008
-22.5;960
-22.5;1034
-22.5;1010
-22.5;962
-22.5;975
-22.5;1040
-22.5;994
-22.5;1042
-22.5;1023
-22.5;999
-22.5;1040
-22.5;1024
-22.5;963
-22.5;1026
-22.5;1039
-22.5;1036
-22.5;971
-22.5;1023
-22.5;1007
-22.5;975
-22.5;1023
-22.5;1048
-22.5;1040
-22.5;1024
-22.5;978
-22.5;1024
-22.5;1060
-22.5;975
-22.5;1052
-22.5;986
-22.5;975
-22.5;1023
-22.5;1048
-22.5;1060
-22.5;1040
-22.5;979
-22.5;983
-22.5;994
-22.5;1023
-22.5;1052
-22.5;983
-22.5;1060
-22.5;1039
-22.5;979
-22.5;992
-22.5;975
-22.5;983
-22.5;968
-22.5;1007
-22.5;991
-22.5;1024
-22.5;1064
-22.5;992
-22.5;1007
-22.5;1046
0;1055
0;1004
0;1024
0;1024
0;1024
0;1004
0;1047
0;1002
0;1024
0;1055
0;1023
0;1024
0;1003
0;1055
0;1024
0;1024
0;1011
0;1047
0;1047
0;1031
0;1008
0;1055
0;1002
0;1035
0;1032
0;1024
0;1014
0;1024
0;1024
0;1039
0;1055
0;1054
0;1055
0;1031
0;1024
0;1024
0;1011
0;1031
0;1024
0;1002
0;1054
0;1024
0;1055
0;1024
0;1024
0;1055
0;1024
0;1024
0;1054
0;1031
0;1047
0;1039
0;1034
0;1024
0;1028
0;1024
0;1034
0;1024
0;1024
0;1024
0;1024
0;1055
0;1004
0;1024
0;1039
0;1031
0;1024
0;1024
0;1024
0;1024
0;1023
0;1024
0;1039
0;1015
0;1039
0;1039
0;1032
0;1071
0;1036
0;1024
0;1024
0;1024
0;1024
0;1024
0;1024
0;1024
0;1024
0;1047
0;1025
0;1039
0;1008
0;1028
0;1032
0;1024
0;1055
0;1055
0;1032
0;1030
0;1037
0;1055
0;1024
0;1024
0;1038
0;1038
0;1024
0;1024
0;1024
0;1026
0;1024
0;1002
0;1024
0;1071
0;1024
0;1024
0;1024
0;1024
0;1038
0;1024
0;1024
0;1024
0;1071
0;1024
0;1055
0;1038
0;1024
0;1046
0;1031
0;1024
0;1024
0;1039
0;1024
0;1024
0;1027
0;1014
0;1055
0;1023
0;1055
0;994
0;1014
0;995
0;1023
0;995
0;994
0;1008
0;1004
0;1023
0;1014
0;995
0;995
0;1000
0;1000
22.5;1127
22.5;1150
22.5;1135
22.5;1142
22.5;1119
22.5;1090
22.5;1120
22.5;1106
22.5;1144
22.5;1135
22.5;1098
22.5;1130
22.5;1154
22.5;1102
22.5;1166
22.5;1090
22.5;1144
22.5;1104
22.5;1152
22.5;1120
22.5;1111
22.5;1151
22.5;1130
22.5;1135
22.5;1150
22.5;1154
22.5;1098
22.5;1123
22.5;1136
22.5;1108
22.5;1104
22.5;1120
22.5;1152
22.5;1151
22.5;1136
22.5;1152
22.5;1095
22.5;1143
22.5;1094
22.5;1120
22.5;1103
22.5;1140
22.5;1130
22.5;1164
22.5;1136
22.5;1098
22.5;1127
22.5;1140
22.5;1103
22.5;1130
22.5;1167
22.5;1099
22.5;1130
22.5;1119
22.5;1104
22.5;1132
22.5;1098
22.5;1103
22.5;1176
22.5;1152
22.5;1104
22.5;1158
22.5;1140
22.5;1120
22.5;1128
22.5;1151
22.5;1110
22.5;1088
22.5;1100
22.5;1136
22.5;1151
22.5;1152
22.5;1124
22.5;1135
22.5;1063
22.5;1167
22.5;1135
22.5;1119
22.5;1072
22.5;1074
22.5;1087
22.5;1079
22.5;1103
22.5;1108
22.5;1103
22.5;1047
22.5;1126
22.5;1106
22.5;1080
22.5;1068
22.5;1102
22.5;1112
22.5;1098
22.5;1103
22.5;1063
22.5;1104
22.5;1119
22.5;1120
22.5;1080
22.5;1062
22.5;1116
22.5;1103
22.5;1088
22.5;1063
22.5;1087
22.5;1124
22.5;1067
22.5;1064
22.5;1112
22.5;1118
22.5;1134
22.5;1056
22.5;1092
22.5;1103
22.5;1087
22.5;1132
22.5;1124
22.5;1104
22.5;1060
22.5;1070
22.5;1067
22.5;1126
22.5;1075
22.5;1126
22.5;1088
22.5;1118
22.5;1120
22.5;1103
22.5;1068
22.5;1119
22.5;1078
22.5;1088
22.5;1119
22.5;1152
22.5;1144
22.5;1130
22.5;1103
22.5;1092
22.5;1098
22.5;1103
22.5;1103
22.5;1087
22.5;1103
22.5;1124
22.5;1120
22.5;1104
22.5;1132
22.5;1120
22.5;1140
22.5;1100
22.5;1119
22.5;1088
22.5;1124
22.5;1138
22.5;1132
22.5;1076
22.5;1056
22.5;1056
22.5;1096
22.5;1091
22.5;1088
22.5;1072
22.5;1119
22.5;1120
22.5;1088
22.5;1088
22.5;1135
22.5;1095
22.5;1120
22.5;1103
22.5;1142
22.5;1126
22.5;1120
22.5;1090
22.5;1095
22.5;1104
22.5;1096
22.5;1135
22.5;1079
22.5;1103
22.5;1078
22.5;1088
22.5;1090
22.5;1135
22.5;1087
22.5;1088
22.5;1119
22.5;1094
22.5;1088
22.5;1075
22.5;1134
22.5;1119
22.5;1074
22.5;1134
22.5;1090
22.5;1103
22.5;1071
22.5;1079
22.5;1079
22.5;1071
22.5;1104
22.5;1119
22.5;1104
22.5;1088
22.5;1120
22.5;1095
22.5;1150
22.5;1095
22.5;1091
22.5;1095
22.5;1135
22.5;1150
22.5;1111
22.5;1143
22.5;1152
22.5;1124
22.5;1119
22.5;1135
22.5;1102
22.5;1136
22.5;1114
22.5;1119
22.5;1172
22.5;1151
22.5;1135
22.5;1111
22.5;1152
22.5;1108
22.5;1135
22.5;1156
22.5;1158
22.5;1167
22.5;1119
22.5;1120
22.5;1107
22.5;1120
22.5;1136
22.5;1136
22.5;1130
22.5;1160
22.5;1102
22.5;1120
22.5;1096
45;1132
45;1140
45;1090
45;1151
45;1088
45;1150
45;1088
45;1112
45;1119
45;1071
45;1129
45;1144
45;1135
45;1094
45;1136
45;1100
45;1143
45;1092
45;1136
45;1112
45;1151
45;1088
45;1090
45;1120
45;1092
45;1108
45;1088
45;1119
45;1136
45;1120
45;1112
45;1135
45;1088
45;1108
45;1096
45;1135
45;1128
45;1150
45;1122
45;1136
45;1150
45;1092
45;1120
45;1151
45;1108
45;1120
45;1120
45;1134
45;1104
45;1088
45;1132
45;1092
45;1091
45;1104
45;1135
45;1128
45;1108
45;1098
45;1096
45;1120
45;1088
45;1090
45;1120
45;1136
45;1140
45;1124
45;1134
45;1103
45;1148
45;1138
45;1151
45;1124
45;1112
45;1088
45;1136
45;1151
45;1135
45;1120
45;1103
45;1144
45;1143
45;1128
45;1119
45;1103
45;1091
45;1124
45;1104
45;1088
45;1119
45;1126
45;1164
45;1164
45;1151
45;1100
45;1151
45;1148
45;1104
45;1130
45;1093
45;1102
45;1094
45;1099
45;1152
45;1088
45;1117
45;1104
45;1128
45;1096
45;1136
45;1103
45;1124
45;1140
45;1159
45;1151
45;1120
45;1126
45;1151
45;1132
45;1112
45;1151
45;1111
45;1119
45;1151
45;1103
45;1088
45;1132
45;1088
45;1103
45;1106
45;1152
45;1103
45;1104
45;1136
45;1150
45;1138
45;1132
45;1115
45;1091
45;1104
45;1150
45;1145
45;1160
45;1134
45;1090
45;1120
45;1119
45;1103
45;1098
45;1158
45;1151
45;1124
45;1152
45;1175
45;1088
45;1128
45;1095
45;1151
45;1156
45;1136
45;1120
45;1103
45;1094
45;1152
45;1120
45;1095
45;1137
45;1104
45;1136
45;1167
45;1136
45;1151
45;1136
45;1130
45;1151
45;1104
45;1166
45;1099
45;1108
45;1120
45;1104
45;1151
45;1166
45;1141
45;1164
45;1108
45;1103
45;1106
45;1166
45;1111
45;1104
45;1100
45;1159
45;1167
45;1119
45;1106
45;1110
45;1095
45;1151
45;1151
45;1144
45;1166
45;1165
45;1135
45;1159
45;1108
45;1095
45;1152
45;1158
45;1110
45;1100
45;1151
45;1160
45;1152
45;1102
45;1119
45;1104
45;1151
45;1164
45;1127
45;1167
45;1120
45;1111
45;1139
45;1151
45;1135
45;1099
45;1159
45;1131
45;1104
67.5;1183
67.5;1212
67.5;1200
67.5;1196
67.5;1206
67.5;1220
67.5;1135
67.5;1190
67.5;1199
67.5;1215
67.5;1175
67.5;1186
67.5;1167
67.5;1204
67.5;1212
67.5;1228
67.5;1184
67.5;1155
67.5;1152
67.5;1200
67.5;1224
67.5;1200
67.5;1196
67.5;1204
67.5;1168
67.5;1230
67.5;1199
67.5;1199
67.5;1188
67.5;1210
67.5;1152
67.5;1174
67.5;1215
67.5;1167
67.5;1229
67.5;1156
67.5;1183
67.5;1159
67.5;1152
67.5;1199
67.5;1184
67.5;1183
67.5;1172
67.5;1159
67.5;1208
67.5;1168
67.5;1199
67.5;1214
67.5;1168
67.5;1204
67.5;1224
67.5;1184
67.5;1176
67.5;1152
67.5;1158
67.5;1167
67.5;1185
67.5;1139
67.5;1215
67.5;1168
67.5;1184
67.5;1200
67.5;1194
67.5;1152
67.5;1154
67.5;1215
67.5;1231
67.5;1167
67.5;1183
67.5;1152
67.5;1155
67.5;1170
67.5;1215
67.5;1156
67.5;1196
67.5;1154
67.5;1214
67.5;1214
67.5;1188
67.5;1152
67.5;1214
67.5;1147
67.5;1199
67.5;1172
67.5;1168
67.5;1192
67.5;1244
67.5;1184
67.5;1154
67.5;1186
67.5;1208
67.5;1152
67.5;1152
67.5;1215
67.5;1183
67.5;1152
67.5;1167
67.5;1188
67.5;1159
67.5;1184
67.5;1200
67.5;1215
67.5;1154
67.5;1215
67.5;1168
67.5;1139
67.5;1183
67.5;1167
67.5;1154
67.5;1216
67.5;1152
67.5;1166
67.5;1167
67.5;1199
67.5;1198
67.5;1130
67.5;1154
67.5;1168
67.5;1162
67.5;1172
67.5;1155
67.5;1215
67.5;1204
67.5;1214
67.5;1175
67.5;1200
67.5;1143
67.5;1200
67.5;1184
67.5;1176
67.5;1206
67.5;1214
67.5;1184
67.5;1152
67.5;1152
67.5;1188
67.5;1156
67.5;1159
67.5;1159
67.5;1199
67.5;1160
67.5;1212
67.5;1196
67.5;1212
67.5;1200
67.5;1214
67.5;1159
67.5;1183
67.5;1196
67.5;1131
67.5;1152
67.5;1184
67.5;1152
67.5;1191
67.5;1152
67.5;1159
67.5;1188
67.5;1196
67.5;1131
67.5;1152
67.5;1152
67.5;1174
67.5;1152
67.5;1192
67.5;1154
67.5;1183
67.5;1183
67.5;1196
67.5;1170
67.5;1178
67.5;1184
67.5;1184
67.5;1152
67.5;1156
67.5;1167
67.5;1151
67.5;1184
67.5;1177
67.5;1199
67.5;1170
67.5;1135
67.5;1164
67.5;1120
67.5;1198
67.5;1135
67.5;1170
67.5;1167
67.5;1183
67.5;1161
67.5;1183
67.5;1152
67.5;1120
67.5;1126
67.5;1158
67.5;1200
67.5;1174
67.5;1183
67.5;1168
67.5;1152
67.5;1167
67.5;1120
67.5;1154
67.5;1152
67.5;1111
67.5;1152
67.5;1167
67.5;1183
67.5;1135
67.5;1182
67.5;1183
67.5;1174
67.5;1127
67.5;1180
67.5;1131
67.5;1199
67.5;1167
67.5;1151
67.5;1175
67.5;1127
67.5;1135
67.5;1176
67.5;1160
67.5;1127
67.5;1186
67.5;1135
67.5;1124
67.5;1127
67.5;1188
67.5;1126
67.5;1120
67.5;1127
67.5;1122
67.5;1167
67.5;1184
67.5;1174
67.5;1132
67.5;1162
67.5;1136
67.5;1136
67.5;1152
67.5;1168
67.5;1120
67.5;1160
67.5;1122
67.5;1152
67.5;1120
67.5;1191
67.5;1152
67.5;1127
67.5;1184
67.5;1160
67.5;1121
67.5;1170
67.5;1188
67.5;1168
67.5;1151
67.5;1190
67.5;1167
67.5;1167
67.5;1183
67.5;1196
67.5;1186
67.5;1168
67.5;1160
67.5;1184
67.5;1183
67.5;1184
67.5;1151
67.5;1198
67.5;1183
67.5;1156
67.5;1151
67.5;1199
67.5;1110
67.5;1143
67.5;1201
67.5;1115
67.5;1122
67.5;1120
67.5;1167
67.5;1151
67.5;1119
67.5;1123
67.5;1134
67.5;1168
67.5;1183
67.5;1199
67.5;1156
67.5;1162
67.5;1199
67.5;1159
67.5;1172
67.5;1122
67.5;1180
67.5;1126
67.5;1127
67.5;1126
67.5;1156
67.5;1166
67.5;1151
67.5;1180
67.5;1196
67.5;1152
67.5;1187
67.5;1152
67.5;1183
67.5;1178
67.5;1162
67.5;1152
67.5;1107
67.5;1184
67.5;1176
67.5;1143
67.5;1152
67.5;1120
67.5;1120
67.5;1135
67.5;1160
67.5;1120
67.5;1130
67.5;1156
90;1327
90;1327
90;1324
90;1312
90;1352
90;1328
90;1342
90;1324
90;1303
90;1304
90;1283
90;1280
90;1296
90;1330
90;1286
90;1312
90;1312
90;1311
90;1346
90;1327
90;1341
90;1306
90;1330
90;1288
90;1298
90;1284
90;1350
90;1316
90;1349
90;1348
90;1320
90;1285
90;1295
90;1348
90;1298
90;1316
90;1311
90;1287
90;1334
90;1319
90;1335
90;1336
90;1324
90;1298
90;1303
90;1356
90;1359
90;1290
90;1336
90;1312
90;1338
90;1358
90;1350
90;1311
90;1336
90;1311
90;1330
90;1328
90;1284
90;1327
90;1287
90;1350
90;1360
90;1343
90;1327
90;1344
90;1343
90;1327
90;1341
90;1303
90;1335
90;1338
90;1286
90;1320
90;1356
90;1332
90;1359
90;1342
90;1294
90;1290
90;1336
90;1354
90;1312
90;1332
90;1312
90;1338
90;1302
90;1343
90;1298
90;1322
90;1358
90;1374
90;1334
90;1312
90;1300
90;1311
90;1350
90;1312
90;1295
90;1328
90;1327
90;1319
90;1332
90;1290
90;1322
90;1295
90;1359
90;1332
90;1295
90;1350
90;1359
90;1295
90;1358
90;1369
90;1304
90;1359
90;1344
90;1354
90;1327
90;1343
90;1290
90;1338
90;1298
90;1294
90;1328
90;1336
90;1312
90;1287
90;1295
90;1291
90;1303
90;1299
90;1375
90;1319
90;1344
90;1316
90;1330
90;1352
90;1300
90;1312
90;1359
90;1319
90;1314
90;1316
90;1328
90;1298
90;1327
90;1343
90;1343
90;1296
90;1283
90;1346
90;1299
90;1311
90;1356
90;1302
90;1366
90;1298
90;1298
90;1346
90;1350
90;1344
90;1344
90;1299
90;1296
90;1356
90;1359
90;1297
90;1327
90;1360
90;1343
90;1311
90;1311
90;1291
90;1308
90;1358
90;1351
90;1324
90;1311
90;1359
90;1287
90;1343
90;1358
90;1356
90;1300
90;1312
90;1316
90;1348
90;1303
90;1303
90;1312
90;1344
90;1358
90;1328
90;1351
90;1328
90;1344
90;1343
90;1327
90;1298
90;1312
90;1332
90;1366
90;1352
90;1322
90;1343
90;1359
90;1312
90;1336
90;1316
90;1368
90;1299
90;1362
90;1280
90;1335
90;1283
90;1320
90;1311
90;1328
90;1360
90;1316
90;1344
90;1332
90;1359
90;1322
90;1348
90;1312
90;1296
90;1314
90;1342
90;1368
90;1327
90;1302
90;1344
90;1334
90;1352
90;1328
90;1344
90;1324
90;1296
90;1332
90;1343
90;1319
90;1324
90;1311
90;1359
90;1296
90;1359
90;1358
90;1332
90;1287
90;1326
90;1358
90;1312
90;1312
90;1376
90;1330
90;1358
90;1359
90;1344
90;1295
90;1303
90;1320
90;1343
90;1364
90;1295
90;1319
90;1343
90;1344
90;1298
90;1327
90;1336
90;1366
90;1299
90;1344
90;1334
90;1303
90;1312
90;1307
90;1302
90;1300
90;1303
90;1344
90;1366
90;1359
90;1330
90;1335
90;1297
90;1320
90;1343
90;1359
90;1362
90;1290
90;1312
90;1348
90;1300
90;1312
90;1322
90;1319
90;1356
90;1311
90;1364
90;1295
90;1350
90;1352
90;1320
90;1372
90;1344
90;1348
90;1327
90;1359
90;1320
90;1299
90;1356
90;1356
90;1332
90;1330
90;1296
90;1344
90;1312
90;1324
90;1360
90;1374
90;1327
90;1354
90;1359
90;1344
90;1312
90;1344
90;1344
90;1301
90;1344
90;1336
90;1348
90;1361
90;1346
90;1370
90;1302